url,strategy
https://www.nutriclub.co.id/,mobile
https://www.nutriclub.co.id/,desktop
https://www.nutriclub.co.id/artikel,mobile
https://www.nutriclub.co.id/artikel,desktop
https://www.nutriclub.co.id/produk,mobile
https://www.nutriclub.co.id/produk,desktop
https://www.nutriclub.co.id/tools,mobile
https://www.nutriclub.co.id/tools,desktop
https://www.nutriclub.co.id/membership,mobile
https://www.nutriclub.co.id/membership,desktop
https://www.nutriclub.co.id/produk/nutrilon-royal-3,mobile
https://www.nutriclub.co.id/produk/nutrilon-royal-3,desktop
https://www.nutriclub.co.id/produk/nutrilon-royal-4,mobile
https://www.nutriclub.co.id/produk/nutrilon-royal-4,desktop
https://www.nutriclub.co.id/produk/nutrinidrink,mobile
https://www.nutriclub.co.id/produk/nutrinidrink,desktop
https://www.nutriclub.co.id/membership/login,mobile
https://www.nutriclub.co.id/membership/login,desktop
https://www.nutriclub.co.id/berita-dan-promo,mobile
https://www.nutriclub.co.id/berita-dan-promo,desktop
https://www.nutriclub.co.id/csectionready,mobile
https://www.nutriclub.co.id/csectionready,desktop
https://www.nutriclub.co.id/tools/tes-potensi-caesar,mobile
https://www.nutriclub.co.id/tools/tes-potensi-caesar,desktop
https://www.nutriclub.co.id/tools/health-immune-checker,mobile
https://www.nutriclub.co.id/tools/health-immune-checker,desktop
https://www.nutriclub.co.id/faq,mobile
https://www.nutriclub.co.id/faq,desktop
https://www.nutriclub.co.id/tim-ahli,mobile
https://www.nutriclub.co.id/tim-ahli,desktop
https://www.nutriclub.co.id/tim-penulis,mobile
https://www.nutriclub.co.id/tim-penulis,desktop
https://www.nutriclub.co.id/term,mobile
https://www.nutriclub.co.id/term,desktop
https://www.nutriclub.co.id/artikel,mobile
https://www.nutriclub.co.id/artikel,desktop
https://www.nutriclub.co.id/artikel?kategori=mama,mobile
https://www.nutriclub.co.id/artikel?kategori=mama,desktop
https://www.nutriclub.co.id/artikel?kategori=bayi,mobile
https://www.nutriclub.co.id/artikel?kategori=bayi,desktop
https://www.nutriclub.co.id/artikel?kategori=anak,mobile
https://www.nutriclub.co.id/artikel?kategori=anak,desktop
https://www.nutriclub.co.id/artikel/nutrisi/10-12-bulan/tekstur-mpasi-10-bulan,mobile
https://www.nutriclub.co.id/artikel/nutrisi/10-12-bulan/tekstur-mpasi-10-bulan,desktop
